X1,X2
18.95260793,33.69531183
13.23253955,33.50440758
18.03437618,31.67145808
19.00786615,29.76506566
13.80113637,32.45646437
16.4350101,30.75913824
16.82108991,34.21739806
13.46893147,30.40411861
17.59406679,32.06839092
14.82928198,30.67571793
17.01958859,35.24897317
16.37055753,31.03546549
13.76173195,30.33759198
12.29060531,31.43855946
12.9637041,30.7982286
15.70101014,32.76080649
13.50000052,30.77569247
16.36536559,28.6887453
17.84893898,34.54378005
13.72118518,33.40594493
18.67823724,30.85569162
18.35315198,28.70619969
18.58464024,28.8174759
16.05774495,34.7365627
16.42657683,34.18927085
14.14894892,34.778401
15.50122347,29.51618092
14.78083236,31.5620183
15.43334932,32.69777101
15.97492566,31.63784201
16.67209845,35.02190541
16.6024922,32.32419834
15.83941542,29.97278409
16.19316171,34.0147097
13.4189976,31.22442437
16.33333882,33.13980473
13.88510172,34.62766355
14.53236551,28.36705372
18.92880949,32.90756508
18.4016513,32.72498271
18.28478264,31.17638211
13.01882325,32.23971532
15.85428493,28.73163706
17.8390286,33.88008423
15.22008278,33.63654497
17.63877641,32.14962213
15.9662999,29.20135158
18.11027486,34.43894414
14.34584699,30.9651994
15.24381851,28.03759895
16.60118057,28.74114282
14.47873253,28.5077588
17.16903567,28.60280336
13.21361437,32.89917637
16.53337015,32.12689905
12.62905786,32.46229224
13.81077817,31.78157692
15.90808412,33.46095089
14.68336293,28.33745673
16.10577158,34.88397289
17.541148,34.70110991
13.61963143,28.67235953
18.55081194,30.34788811
15.1546009,34.37319927
12.33366317,32.3968816
17.61843562,28.91558758
18.68160692,29.60398739
16.22164924,31.09126533
12.37253756,32.63190374
15.12940987,31.05547757
17.89486323,28.41054864
13.80079662,30.33677403
14.5520944,33.74636677
12.55622213,32.01388
15.59486937,33.65556855
16.56199218,30.28054106
13.26712538,30.53718665
17.25303249,30.39484555
17.54955804,30.787185
16.01985261,31.82623261
17.61673674,31.71644534
16.06140658,30.10752636
17.25552679,32.92292581
17.48202255,31.56389269
19.06356951,33.09176779
15.28428934,27.90891523
17.24585869,29.78371248
16.40072434,30.04181971
16.01033178,34.34566084
12.94600344,30.96442027
16.44405552,30.44280136
14.16641863,34.26580705
12.75058711,31.09041327
16.76968772,28.94551159
19.37100692,32.53971161
14.63426757,33.24363156
15.27394854,34.64857882
15.93063506,28.30172482
16.80596116,33.20040288
16.05913513,34.84162507
12.14627203,33.63066102
19.68933214,36.74840679
13.83513244,36.31531444
15.70470318,31.11110306
14.70722555,36.49546458
16.25571279,35.92159411
13.56532439,32.60287585
18.73059505,36.3045688
15.69114447,39.17111152
19.99695512,33.67644264
11.83490411,34.37272564
14.01124106,38.73613915
13.41452536,36.24069335
12.55621196,33.61444754
14.67155447,37.19288563
13.95499137,30.0166155
17.68402566,36.44746876
15.13151827,31.73596728
10.5704305,33.89004315
12.61712549,37.55688718
13.91492196,35.9113215
19.44002232,36.5720021
15.67439926,38.62141193
11.05072205,32.70345474
19.07509551,35.83777848
15.56874902,38.45716954
14.30564576,29.88498414
11.72948413,34.10517213
19.87265535,33.72830727
18.01907904,36.41122053
12.44764187,32.05656097
15.37739322,35.7678333
14.12013436,37.41125307
20.459901,34.60147301
16.28067324,31.22559004
19.41151142,35.29995798
18.4090801,34.3145678
16.51588583,31.49753856
16.86658308,34.77449683
13.72132339,30.95373936
15.11579912,37.95451083
15.82893031,32.91790954
16.25158194,33.83995341
14.37907894,37.54427522
18.77872946,33.61754286
12.96069864,31.11509166
13.04486417,32.12780153
16.71347752,37.40406704
19.39494323,36.83719181
12.39011711,31.81133497
13.91191036,34.62748959
13.34154271,38.37909718
17.11903575,35.27951915
19.02717822,36.63133957
11.14769119,33.11637795
13.29200783,38.35053234
13.60858134,37.18763098
19.93860966,33.27280355
12.91200511,34.19606589
12.86375357,33.9583935
14.80470249,38.07886527
18.89279409,35.90160522
13.79626641,29.75742671
15.39700538,33.85349895
17.17991944,35.04826342
16.02338817,35.31665423
11.59445174,36.4646369
18.844349,36.06474524
14.13117627,31.95321578
16.93516088,30.08879621
11.53197579,34.57789274
10.57512301,34.18183086
14.28918539,34.38116218
13.16776972,34.27785561
13.50820425,36.58502358
15.91445014,30.97561131
16.13183549,33.63757624
19.37224532,36.95824549
10.69929882,33.34573995
20.28263095,35.37211699
15.17702376,36.27696001
14.03850009,37.93110825
13.29026718,34.12538814
17.10731668,34.24857001
20.15551849,33.95170276
12.10965671,36.52146927
14.33344891,37.46611687
18.52548443,36.20398035
18.29486545,34.46148199
11.99001303,33.23560561
16.67428715,38.69526937
13.82383133,33.20657225
15.70642833,37.67907676
12.48975702,33.77991154
16.3341829,36.30299527
16.71361631,35.14407681
11.34642252,34.27159813
14.51594334,34.06865939
12.87836165,31.69810607
16.0588523,32.16886846
15.41560871,38.14211241
10.20129035,38.45485133
13.71230268,38.84903194
13.77513703,37.6126233
16.71792903,37.87269569
11.65315492,40.58433983
17.97421433,41.38777729
12.12649054,42.28267101
13.78673827,34.24658107
12.91707094,37.7009225
19.56313227,37.98716005
15.07553369,33.81004297
13.34006846,37.52293961
19.04031538,38.64688731
19.88015078,39.97382769
14.67635087,35.21153834
10.25342907,35.92334848
15.05649159,43.08711698
11.7816903,35.24972486
10.31610503,40.94234023
14.52246657,35.91544856
18.14298201,37.64814158
11.89546163,39.5752997
16.1759928,38.0581427
10.55008723,39.51000101
15.31775904,41.98779606
14.16226752,40.2210766
15.92070946,42.3254633
17.24853358,36.9510981
12.47029795,41.15037222
14.33449517,43.46672654
14.97259488,41.41944499
16.20707154,42.81798771
15.6932659,41.04543723
13.61422958,36.81298956
18.84295087,41.68654334
14.21239414,36.05956927
16.45039741,40.52889127
15.56248504,34.51386845
15.28988398,40.34086404
12.22536145,35.25881531
15.5214471,39.50066522
18.62263007,35.11156894
16.94494269,35.07561677
17.61518487,40.59775662
16.96371666,42.38685
12.43046389,38.82901331
13.57433781,41.05564073
14.83197014,42.89405157
13.13932188,40.3800465
13.2644148,37.80012869
12.76202808,34.84658167
14.13066568,34.86147749
16.28160298,39.1074791
14.01626317,34.53506376
13.92706688,39.86348771
13.74936942,40.33778772
13.04434641,34.66470672
10.31124734,39.69915597
12.60435938,41.29626743
15.45425484,33.71100499
16.57752058,42.38946358
16.59222013,42.89234182
13.18612044,38.35053031
10.71968153,36.65065169
11.4795057,35.97187594
17.6261323,36.59999055
10.00839896,39.82915538
17.45770794,35.39141445
16.02414952,33.44668451
17.13810826,36.65476858
10.96898923,37.82506211
14.3166694,40.29105988
16.98347167,41.12054302
14.48207042,43.31625952
14.31950046,37.7892382
15.27869232,36.14193791
12.33315838,36.50643652
10.94771833,35.14996968
16.22526933,40.57536594
13.39481597,40.10007495
19.75684455,39.95880355
19.29564695,38.38954101
16.18627915,38.5486794
13.61997553,33.72009302
14.34656617,37.13411336
11.14959833,39.04385509
13.06701701,35.10295214
17.49449359,34.08655755
19.01023527,36.01950585
17.02332561,34.66159152
11.82007821,41.6487552
16.28690261,42.20338353
11.26427239,34.50734534
17.04250435,42.61889198
17.165279,41.21561337
16.67632556,35.40393051
17.04313445,37.79758128
14.45118657,43.03029426
17.05054892,39.64147024
19.9589865,38.21154361
14.91411628,33.67318457
13.88048662,30.0343403
17.61437207,40.87043806
21.63187465,37.54543945
13.84710033,32.00650268
16.94572057,33.90802161
16.35802737,41.31486346
22.33843691,40.11333624
12.94561081,35.69829991
24.45943889,33.6639857
19.90486354,40.38038125
21.9472183,38.71582426
17.3745679,35.79303716
22.3079532,36.57852482
23.87889579,34.1583145
20.49151731,30.93939506
23.39603294,32.87907144
19.22596353,40.73802787
19.28220996,41.64785344
17.568043,36.14465455
21.15987293,40.26301659
14.73222655,29.95725725
18.14321574,31.84231097
20.81771986,34.29360099
19.45801819,31.68258612
16.88391287,33.45746126
12.6016561,33.75898066
20.68548516,38.27878633
22.92884071,31.9006641
12.69460668,38.36935741
15.05620824,37.95471574
12.01460514,37.73829373
18.1800345,41.03450418
17.69523356,32.79978144
19.91551894,29.86226221
22.76142291,35.41779936
23.98537579,37.76118338
13.93966605,36.31363825
16.54711528,30.45497466
22.18686403,40.36898574
18.61101125,39.00953352
19.01330362,29.02465668
23.21121826,39.27939319
17.32465802,34.0360718
19.06883426,31.63900971
17.93014994,39.56672485
17.52798169,39.52264732
22.68914487,34.70928112
15.94445312,39.88134481
13.82174335,36.24590799
15.15012612,30.88264486
19.82114689,34.46224326
20.11797348,40.87637234
19.69556014,30.55916414
21.66119488,32.42069467
13.9266075,34.84993854
20.0822858,35.89680502
23.13840476,38.17991965
16.95854213,31.73541881
14.9871608,38.82660016
15.81930622,36.6519582
23.73832117,33.33241437
16.86294074,30.50829082
23.85740866,37.06532644
15.80227123,38.05077487
21.22720758,31.91855555
22.44400767,32.40392492
20.42247575,34.0502011
13.66413799,34.33805722
14.87749503,39.85505049
16.8017056,34.13827405
21.90139322,40.5322928
11.45592207,36.03255925
16.36716268,34.17565194
23.04905762,37.90973341
20.18674264,39.56998977
18.25987047,30.38439779
17.47997494,33.50787232
17.33998843,30.53688809
21.45226537,34.34821619
13.16453647,38.48981344
21.20993189,32.62853115
22.92346911,37.41426265
14.19279804,36.49662111
20.36199242,29.6919227
15.99345044,34.48797746
14.65077172,32.72483613
20.55921591,36.7729348
23.67127872,36.47466079
18.4185131,31.24514407
13.60229686,33.76452793
13.80310007,32.67277087
14.88982249,35.41346058
21.25121378,34.22445682
19.96650408,39.59725002
19.79329645,29.01840986
17.61435945,41.64880159
16.32798293,41.46443155
13.66996587,39.63741122
15.20947561,30.63260805
17.79444136,31.74194261
16.35758427,31.08585032
17.4749741,33.48111951
20.77034623,31.48426844
19.91259259,31.08893417
16.12707602,31.24694414
16.24261119,28.53428835
16.91403438,32.26692722
19.75119107,28.10384039
16.88475201,32.29434082
19.75143593,32.00038892
18.62214719,27.40058592
18.40613532,28.36357795
16.35458481,32.83647409
19.41517021,28.72893554
20.8615042,32.65089093
14.49605839,31.27730901
21.64627749,30.03052902
16.75657939,29.40881381
14.32746683,30.20984576
17.67276592,32.76289922
16.72551125,28.28304257
19.03365884,34.16166431
15.22383159,29.02797282
17.80811882,29.56524023
14.27441026,31.98805805
17.45256446,29.96363607
18.35467083,33.70329273
18.91472325,31.19548048
15.47850033,31.31624363
20.49096419,33.48992763
16.1555783,31.71047316
19.66760091,32.24250047
18.50988008,34.16689917
15.33879761,28.21466819
14.96673518,28.63883367
18.69176445,31.26244387
20.14576238,31.71673669
16.0047991,28.91376063
19.75745655,28.63151006
16.09995094,33.62973913
17.17619542,32.03085887
15.25782262,29.67368942
19.45095683,33.71614851
18.31344266,34.47456615
18.32511814,33.9102839
20.09055986,28.57741168
20.73663408,30.8173001
16.9510566,29.27355662
17.53037575,29.43293828
16.74388652,30.2251797
16.06003789,28.9108667
17.22493671,32.31709604
19.02622776,27.88181309
19.14132133,29.73400575
18.33605954,33.48928874
18.43619521,33.10042494
19.68150189,33.81400916
17.21243764,32.75949206
17.12419853,27.1044099
16.61328165,32.01141191
16.61146625,31.88919511
15.68360514,28.56609618
17.88163415,33.75460164
14.82659512,30.19437319
16.71573784,27.55666294
16.04161606,34.12289914
21.37097358,30.2901369
15.55052457,29.04367509
17.21829125,29.52763833
15.98311357,32.20395295
16.01867247,31.27542018
20.67132257,31.52132662
17.39969282,32.72289339
15.17179152,33.28690934
21.05552859,31.20224105
16.94467297,28.95867975
15.17516548,28.14156843
17.94950863,30.95935271
20.3917614,33.44569371
17.12829103,27.05623431
16.52773359,28.1701566
15.55379828,29.99800821
16.11332152,32.35945433
18.30283467,33.64619667
17.77056751,32.69992219
17.54533258,30.79934235
15.48138647,27.96385414
21.55272978,30.48992828
19.62749772,30.64317873
19.15260397,29.60425604
18.19416631,28.13531342
16.23077715,32.38467951
18.76399721,34.07203262
16.60918229,29.8743025
19.77803846,32.33232577
19.31384519,29.18368884
18.78419584,30.7033369
16.05497034,32.63145818
19.62132343,42.83786084
20.02567645,30.17341859
19.97459505,33.54508581
18.42927961,35.18125163
23.98593744,33.57887844
21.67249721,33.51508927
19.18485639,36.26825263
22.00090973,39.90217386
17.23898572,36.1457739
16.45130472,37.85400904
15.9329714,32.56608238
23.38299251,31.20694934
23.4304997,35.63303617
26.14456802,31.97242776
28.04921226,34.24617986
23.770882,35.7305156
22.61689188,40.51418057
19.87918883,38.581835
16.34695686,41.67375849
26.56166385,37.7813602
26.2781651,31.76009649
14.88839102,35.10558578
22.92891858,34.30997574
21.2661455,37.82473104
21.68951987,33.49224283
22.30506042,34.18014068
17.04347205,36.08561993
28.41082179,36.98379701
17.81548846,31.59557112
20.4706253,33.63252712
25.02464387,36.7636717
26.33722764,35.88991383
16.33809877,39.02798766
27.80085612,34.87919605
23.85420115,39.51395959
23.10755208,40.93232851
23.11302743,40.11142732
20.00320727,41.54231325
16.6262381,41.87818613
27.87624037,36.68654727
23.37759887,39.36943155
25.15375025,36.43873866
25.60310507,34.62817197
19.69781664,38.42535279
25.52269667,35.36328208
16.76128529,37.84520603
20.24305996,43.15079602
20.43398077,42.14369058
26.04185315,32.9333254
17.25399813,34.9683369
14.69766223,33.52642975
22.39998764,43.11544489
27.84050358,38.32631834
24.07523906,38.30470159
22.47350239,34.83497941
17.66703609,38.20419833
26.23910228,34.52772571
27.30967922,36.47477441
16.96914812,42.44456893
17.31558858,42.31035776
24.52830897,37.7035776
16.57980636,42.23388304
14.77052841,39.01700793
19.13186097,30.9115415
18.93578063,40.84923889
18.95750953,33.30241772
23.13187954,33.9825056
16.49910379,33.91071162
20.40704805,34.69034077
26.89761463,36.50371317
23.32485042,36.4668268
15.1036549,39.01681443
27.12707089,38.98959915
18.17525919,34.6655757
23.44858813,31.55570743
22.14389957,30.15541437
27.23405759,34.43050374
27.90017525,38.29354361
21.24827567,29.26636528
24.98813831,36.03843874
18.64324068,36.58507074
19.44613573,32.68405095
15.47194886,38.15736811
24.41516849,30.31179282
15.83251199,33.85434612
26.3233794,35.76001046
18.45149207,41.30588004
23.37274718,39.92043283
22.28413499,32.6236323
26.70010351,39.54796722
23.17607833,43.08523813
26.69005353,36.33601533
16.41867224,42.1330809
21.76570061,34.8030754
23.17635224,39.85150878
20.70112016,40.62416049
24.66383526,40.43202919
21.65607103,34.19544452
20.86861486,37.99362419
14.94993631,34.84710431
19.46952041,33.34434316
24.35639138,37.47946988
22.83295051,34.98044435
26.0002215,36.15660425
22.41593449,34.01340818
23.99247073,31.75905802
24.2721958,32.41607622
23.33101468,31.68523126
20.21958439,33.89094527
22.00959956,30.79239607
19.37012722,32.47413546
21.35883692,36.10985807
24.257239,31.22133348
22.54379059,30.84387056
23.32572059,35.16368558
22.75840519,34.05841535
20.02280264,35.50195291
24.00050036,37.32285543
18.52444117,35.60127704
20.67777784,35.68599704
22.50060012,32.08885563
21.61569994,31.89203952
24.40160229,36.21050509
19.24411787,34.40609187
18.66790193,34.84249859
24.49424241,33.63169337
20.73876236,30.30787575
21.37740394,32.27764539
19.70750943,36.93944621
24.99002244,34.23174212
22.76681006,35.42790294
22.43529307,37.29723657
22.31280305,35.37410119
21.76597516,35.03874653
23.0243355,30.61944327
23.91458585,31.16859788
22.61172544,35.15717735
24.9058444,32.60968573
20.56277319,30.68157776
22.44169653,29.860296
22.54559695,36.78715338
22.43300179,29.75578325
21.18296793,37.37914224
19.85563823,35.27032858
25.5757755,35.65509373
22.81986474,32.69460566
21.41102952,32.18670931
19.9780047,35.50675036
26.01674563,34.04148042
23.94372575,34.86080595
24.1380728,33.33359691
24.48574443,36.51398845
20.52131406,34.16988442
21.47133413,33.88338284
25.25600807,32.27077483
23.09560211,37.72800347
22.85545342,37.08525927
21.56433152,31.02801227
20.8900028,37.48942071
25.74124129,32.47016924
23.70919398,30.74396836
22.42893409,32.28956242
24.76837328,32.32582851
20.65461621,32.72425535
18.84687024,32.57333593
20.42312508,32.84887876
24.7627839,30.95209163
20.62139992,33.54767854
19.7384195,36.07158177
24.06845924,34.0774049
20.75242747,31.31615143
24.58495752,31.93717317
21.38245722,37.01625836
24.06000226,34.39782432
20.96757675,36.95727309
18.25938687,34.92142011
23.73727298,30.07446824
23.47886771,35.79106928
18.55590219,35.20674936
20.64810855,32.91516455
18.73777407,32.83738015
19.86024853,31.24699441
25.49371032,31.30862652
21.56836613,32.28790602
24.65590708,31.98390767
21.22309199,34.74293605
21.37928609,34.73209878
25.68236099,32.3332825
24.72974458,35.35274575
19.63284959,36.63276488
26.29897818,33.33781239
20.75433883,31.33317059
24.94032713,36.50368019
25.17808787,34.31733143
19.18099225,33.51029906
23.56950758,33.32176124
21.29320286,32.36444274
22.48662678,35.50339586
19.34750024,35.43191236
21.2637745,30.00027535
14.59069712,40.76832117
21.1078311,43.46969905
19.42081627,40.98525485
18.14519399,43.84415446
14.41529445,40.79320925
18.24063275,39.5397202
17.1221282,44.42371169
15.07878483,39.78729288
17.78077975,43.90706892
16.65835905,46.88173189
19.93085413,41.41755037
20.11969076,42.6022847
17.52618624,41.52412713
16.94617259,46.06292064
16.11873584,44.43714588
20.54981332,43.1400535
17.22864189,40.90336565
15.22126537,41.44573191
18.44196876,41.29366895
20.17487621,44.10506376
20.03006448,40.67313767
18.7102608,44.2666469
16.75171023,47.04821467
16.60131571,46.56252679
15.33809475,46.4765249
19.28145247,41.60535404
15.59371785,45.81517233
16.01653023,46.56745986
19.21694075,42.78580991
15.76361696,44.97740123
15.34605018,43.11610781
20.25668767,41.6555507
16.2807306,45.72961305
14.46103513,44.84881932
21.34555624,42.17809974
14.83233416,45.35130361
18.09816652,41.03473381
19.88380603,40.88424237
18.95714327,40.8055696
17.41816248,43.86632566
17.92448181,39.48323455
15.90791753,46.31145286
19.85939223,41.71777014
17.61574444,43.20655852
20.69276939,41.99890722
20.88647302,43.2730759
13.96014033,43.85179374
17.77774269,43.70758
15.76094553,46.00175069
20.12783249,45.26853279
16.04221677,43.63264353
16.8867381,44.13197258
17.49586668,44.97933849
20.32377526,41.05397811
14.04887419,42.86319512
16.16044399,42.07220262
20.12858032,45.67631834
17.93128987,41.22029239
16.5199309,43.48272488
20.72791057,40.74189555
17.26340644,40.41843193
14.77250249,39.88151638
18.61421064,41.74417221
20.05023725,41.94800284
19.08439356,39.30038304
18.19897386,45.17292984
20.04843633,41.12638058
17.72950516,43.36917726
17.90048059,46.99228672
18.86007259,46.26207288
19.05626691,42.91415084
20.26673287,43.11400441
18.31178755,45.48795307
18.34079533,39.2845571
17.07808135,45.12753342
18.87724976,43.64875684
18.81770145,43.98074043
15.81729384,44.99724436
20.39666272,42.77463564
18.25810834,46.5247526
20.12778388,45.13977975
18.53805788,46.25364603
15.68456293,40.44695675
16.18786087,45.52932801
19.50906667,45.70575344
15.29244028,45.20898293
14.62513948,44.54453242
16.17168896,45.48837238
16.92982164,42.28076962
19.49694996,42.23320866
16.77672946,44.84132053
15.32489383,41.48332541
16.80061641,39.90937371
18.58764195,39.66428505
18.2735332,46.96577166
20.65469675,45.23320822
19.41579855,42.28002198
19.64354238,40.08107899
16.74042241,40.2486737
20.8620841,42.88096767
22.38758481,42.23631484
21.57882701,37.29195782
21.55901282,34.99430015
19.89221952,43.19070653
22.51921821,35.86107988
23.87033582,39.38219155
18.91874409,41.31918081
22.92299546,35.57071846
17.74602625,41.86678316
23.5478221,35.70363356
18.53860752,37.2872148
23.96047973,42.16536629
21.95794557,41.53816596
18.61724434,40.45177373
20.31352704,38.30119468
19.37524086,41.91000561
20.74370232,40.20223485
17.29973648,41.34004672
22.04982219,39.20811788
21.9498769,35.57225509
24.74845601,38.20799669
17.26449983,38.85526303
22.96692544,41.17914929
20.29675309,36.46658101
22.0166765,42.84850789
21.05906857,42.89066632
23.21968849,35.7366642
23.08533177,38.41790583
17.38331442,41.01592919
22.26378212,40.60006561
22.06378989,35.21368764
23.28437405,36.25888707
18.51616466,36.85231487
23.1352328,43.01292355
20.03092378,38.15144312
18.81671566,37.74722021
21.93128817,38.30162922
24.33912444,38.32704297
17.18424178,37.94068176
19.78565202,35.22401845
24.96590129,41.19165369
19.2708879,41.27394357
23.14686499,35.54514262
18.79220271,40.70561823
21.60353218,39.60892524
22.57572187,39.14370584
20.51389187,42.17805495
17.55798992,41.81669489
17.01824453,37.67798125
21.05508732,36.50485445
17.40441731,40.61187379
19.90461794,39.94320103
22.01603981,40.88183979
18.8956746,41.20244205
24.76760541,40.35359242
22.00775977,42.13454967
18.74250449,41.65363392
21.86732267,41.23957823
23.45214629,39.07030283
24.23938905,41.15316232
20.09708249,38.05777239
22.23420877,38.03352379
18.66539965,40.61010533
19.07618916,36.36615474
21.41517499,34.99682096
19.55306003,38.16601533
22.07321564,35.22109697
21.97722514,38.75447262
21.6386481,39.81490383
17.40898302,41.70090014
24.85100001,38.40380086
18.27956197,38.33842373
24.80325989,41.105362
23.52424196,40.61866539
20.92054314,42.1092386
21.01871147,43.16858667
19.62669617,37.10808402
17.80042574,37.37664566
19.46629211,41.91745361
20.35137655,42.6614346
21.48580165,43.16041386
17.2414555,39.68607288
24.72283146,37.35520887
21.68922677,37.58401103
22.43767545,43.26393979
18.65500122,37.69075261
23.58214091,35.89164022
23.08327166,39.5665799
22.74400388,36.26407149
20.66106365,38.56180079
23.3012918,36.52034594
19.6938831,36.36673965
17.83120259,36.40975414
18.63949827,36.17941886
20.58360778,37.51830503
24.5085079,38.53108117
21.63676335,42.6639302
19.0223427,37.76761004
17.43126875,41.13365772
22.23795117,40.44563117
14.82743746,43.53164535
20.59677249,41.13855266
14.73363383,47.60388069
24.01694561,41.83944579
13.11321729,38.92116771
12.61739217,42.68574854
14.47607575,47.7721466
20.14262537,44.21683104
19.07857941,47.75005436
15.48749982,43.96435023
17.68080951,36.70784105
13.9123859,46.21875914
14.90378253,37.79839407
21.98825081,39.43044082
15.6969693,38.26924421
20.58138231,42.27009791
18.02977998,42.89603928
20.10788098,48.0697098
23.77944721,43.56536144
22.76322186,46.3661875
16.96356688,44.87463684
14.39457122,40.53367823
21.78741779,43.29603115
19.18983782,39.87481193
15.31296209,45.48146754
12.72688871,42.05744706
17.09767007,37.93653094
21.47187997,47.43156752
20.40044594,46.98336836
12.32787749,40.2740582
13.03112073,39.93144581
21.438988,37.67401363
16.1560846,37.46833406
14.89918429,40.7380627
23.1240462,43.33278473
20.94154823,43.21729657
18.58903673,47.22063279
16.80067761,37.40334692
23.25734237,39.91964132
23.60192797,44.45477361
16.69095746,44.67326207
16.27662386,42.59903435
16.46967902,36.65338828
14.25140224,47.19326708
20.76346399,47.22805845
13.89764884,39.76123706
16.2697329,42.66548093
13.27281883,42.13571611
20.11705673,48.47466957
19.20945509,37.25230334
16.14847048,43.04493345
14.89375036,40.80741201
23.73943954,43.40095203
14.17278157,41.30616094
15.94771021,44.00461621
22.21056254,42.53470783
13.59360603,41.60791629
24.20443661,41.8947496
17.5555752,36.32702217
18.79188144,47.33797698
22.2092207,46.95740879
16.4937612,40.71128004
20.12714748,45.36589082
16.84588688,38.81972191
17.78992768,38.77186791
20.59072717,45.7059391
23.69175943,40.09383589
19.88224327,45.11846032
15.1609974,40.35465716
17.80412856,38.93315733
14.26662163,38.01457933
16.99879512,38.21285316
21.13977365,44.24756963
18.39569952,36.74648204
15.97806371,36.97570762
16.67464873,40.69651282
22.85001142,39.43146738
14.09197088,45.24791188
13.25538916,42.64922798
20.73470428,42.08146777
16.87559479,36.67558575
15.89385872,40.35967812
18.40976168,48.63836151
13.26511338,42.73011829
19.62896418,39.87854189
20.07773853,40.10168719
21.09485386,45.05542317
16.52803007,47.07087261
20.70856007,40.52675103
16.3216148,43.92901255
22.86479389,44.5117251
19.80167023,37.34889056
23.874157,43.38525939
17.42582252,38.91617526
19.10857927,45.32776993
11.62853434,42.96760236
14.37405894,42.95279132
13.28308147,45.53908752
15.77833573,39.59713274
13.22101627,43.56515395
17.91044776,42.6035503
17.91044776,42.6035503
17.91044776,42.6035503
17.91044776,42.6035503
17.91044776,42.6035503
17.91044776,42.6035503
17.91044776,42.6035503
17.91044776,42.6035503
17.91044776,42.6035503
17.91044776,42.6035503
17.91044776,42.6035503
17.91044776,42.6035503
17.91044776,42.6035503
17.91044776,42.6035503
17.91044776,42.6035503
17.91044776,42.6035503
17.91044776,42.6035503
17.91044776,42.6035503
17.91044776,42.6035503
17.91044776,42.6035503
17.91044776,42.6035503
17.91044776,42.6035503
17.91044776,42.6035503
17.91044776,42.6035503
17.91044776,42.6035503
17.91044776,42.6035503
17.91044776,42.6035503
17.91044776,42.6035503
17.91044776,42.6035503
17.91044776,42.6035503
17.91044776,42.6035503
17.91044776,42.6035503
17.91044776,42.6035503
17.91044776,42.6035503
17.91044776,42.6035503
17.91044776,42.6035503
17.91044776,42.6035503
17.91044776,42.6035503
17.91044776,42.6035503
17.91044776,42.6035503
17.91044776,42.6035503
17.91044776,42.6035503
17.91044776,42.6035503
17.91044776,42.6035503
17.91044776,42.6035503
17.91044776,42.6035503
17.91044776,42.6035503
17.91044776,42.6035503
17.91044776,42.6035503
17.91044776,42.6035503
17.91044776,42.6035503
17.91044776,42.6035503
17.91044776,42.6035503
17.91044776,42.6035503
17.91044776,42.6035503
17.91044776,42.6035503
17.91044776,42.6035503
17.91044776,42.6035503
17.91044776,42.6035503
17.91044776,42.6035503
17.91044776,42.6035503
17.91044776,42.6035503
17.91044776,42.6035503
17.91044776,42.6035503
17.91044776,42.6035503
17.91044776,42.6035503
17.91044776,42.6035503
17.91044776,42.6035503
17.91044776,42.6035503
17.91044776,42.6035503
17.91044776,42.6035503
17.91044776,42.6035503
17.91044776,42.6035503
17.91044776,42.6035503
17.91044776,42.6035503
17.91044776,42.6035503
17.91044776,42.6035503
17.91044776,42.6035503
17.91044776,42.6035503
17.91044776,42.6035503
17.91044776,42.6035503
17.91044776,42.6035503
17.91044776,42.6035503
17.91044776,42.6035503
17.91044776,42.6035503
17.91044776,42.6035503
17.91044776,42.6035503
17.91044776,42.6035503
17.91044776,42.6035503
17.91044776,42.6035503
17.91044776,42.6035503
17.91044776,42.6035503
17.91044776,42.6035503
17.91044776,42.6035503
17.91044776,42.6035503
17.91044776,42.6035503
17.91044776,42.6035503
17.91044776,42.6035503
17.91044776,42.6035503
17.91044776,42.6035503
16.12424177,45.4960248
15.68679391,38.60231477
13.78336765,39.36351004
15.97486228,35.45152228
15.64599733,36.21506971
19.44508518,38.16467233
19.03400293,37.63211282
21.15617066,35.6746308
22.70997072,39.61057889
14.7645258,43.81792538
15.64570209,38.69736849
18.3054652,45.67347102
22.94954717,41.1379413
18.20557507,41.38047642
19.82121924,41.23834292
17.51702283,42.19321813
16.18206746,37.17578655
23.00347521,38.20000741
21.72506116,42.56742331
23.49549825,39.2158444
23.4093715,37.1639351
20.42176441,42.5123871
22.06658577,41.22236416
18.06165276,42.92205278
18.18847908,36.60251421
16.52190096,36.45275888
24.52163759,41.50328841
21.15687097,39.18747616
18.58825394,44.55525384
19.1515794,38.20270387
16.62897729,36.70462142
19.64138027,45.34817365
13.89955135,43.84049312
18.33319691,36.35915895
22.0164108,35.9711981
16.70792288,38.05052218
16.65759338,38.99976028
14.1652966,41.55677363
19.72045629,35.3827407
15.39646947,40.64581638
18.53108887,46.59290129
16.38250415,35.24619902
20.35452386,42.47026472
21.64729357,39.95297605
16.95988019,44.08470945
22.11108701,44.21285937
13.49649834,41.65004491
18.76485944,43.63819767
17.28919107,35.84468694
17.82364597,42.44016443
21.7839003,42.89321286
18.23941544,45.9205034
13.21364452,42.17250309
17.5760713,35.11876192
16.10842201,45.58642572
16.0751472,38.03513288
15.12228727,38.09329826
22.79336728,40.50510015
12.98932237,40.38598559
15.98237965,38.89338595
21.73505455,39.20496928
12.78936381,39.46107138
20.27520474,42.88197677
21.73434586,42.82930048
24.08755801,42.23361846
17.89755689,34.80065972
22.36147727,37.16032116
19.6677337,44.53649578
20.490348,39.13705328
23.20495006,44.10397956
20.36628731,38.27869569
20.75024449,43.39560847
21.56343436,40.35669619
22.29811837,37.58780269
13.28316438,39.15881403
23.27792717,44.45106499
14.48500934,42.48839072
21.07958656,42.28595455
17.28294722,37.22873871
21.04607964,37.63450799
20.07250939,36.92660328
18.20565074,40.61743214
14.64129278,37.98007549
22.09404149,37.74182461
15.83389938,40.25868267
13.96585601,42.86501066
19.47301156,36.61490943
13.88494621,43.31260367
19.5100523,36.61198887
18.1538821,40.81709053
15.98867964,37.20497287
19.91226531,43.81699486
15.63682089,42.45860552
22.22996309,36.6808144
13.87088399,43.95842997
16.93987347,37.55807722
23.11685575,40.86029623
16.21971183,40.31923534
20.27326474,36.81087399
22.05030943,40.85366175
13.71175895,38.65993839
14.25281858,40.57775282
12.43213412,40.53213284
12.76048435,38.17286616
14.77966998,39.30948351
15.41913706,40.54803577
12.30413709,40.2949279
15.88455484,38.04533009
15.06537914,40.9863422
14.84817782,38.6402366
15.79325782,38.20817704
15.07118904,38.36960695
13.68322816,41.41265002
15.12984587,36.53668846
12.16627937,40.09504596
13.02527386,40.00038837
12.6633355,36.92660693
12.52820326,40.13175615
11.3352597,40.87214823
15.00007669,37.6061066
12.73089024,40.50002804
15.46050072,37.05022555
14.37125248,37.74964836
15.30843062,41.32264607
14.66905178,37.8931937
11.87288693,41.49795775
14.76736517,38.27981238
14.05880969,40.23091669
14.59864024,38.09353032
14.70989433,37.50169266
12.71925225,39.46394185
16.08919107,41.26469929
13.28917695,39.92991957
15.240408,38.18414846
13.19004187,38.94799404
16.08241293,39.09543687
13.35032629,41.37681872
15.7835433,40.71494486
12.38469459,38.96957853
15.40289419,38.1363325
11.2997051,38.3352385
16.33975049,40.37829248
14.8487936,39.48039059
13.55824549,40.05149329
14.00636283,37.08286951
14.00134815,38.93450044
12.07538573,38.01896985
15.94569089,37.53710357
13.92424082,41.0505931
11.98156585,39.76092033
16.12929129,40.708844
14.3383669,41.74594509
13.33210561,37.5061727
13.10419209,40.66978046
15.69430624,37.92444229
14.295016,38.66508929
11.87718293,40.91903108
14.44614915,38.94877391
13.10851194,37.51856729
14.11852986,37.49410151
16.34418383,39.1473737
12.21400111,37.41869948
14.66035577,42.33720895
14.19901459,41.68649073
12.48870549,40.86335076
14.71830253,36.76639766
10.98113647,39.46905719
12.4007242,38.68237991
16.70176139,38.4312094
14.31746271,40.02312333
13.82356102,40.76132688
13.79353441,39.59856282
14.64508218,38.83947925
13.38052185,39.67050705
14.03418715,39.07507864
15.98011431,40.92179089
15.14473725,40.01684924
16.48360753,37.78906169
14.95179109,40.88797982
12.71822645,36.49537612
12.63812874,41.84211878
13.66369147,40.82235317
16.34869035,40.80867748
16.12459524,37.84455928
14.8848834,38.5301564
15.92660608,39.92018482
13.98276545,38.46720819
15.99394316,37.57404183
16.24671036,37.91463374
16.26796107,40.89257974
12.25890308,38.54003987
13.26785676,42.29668281
16.00487154,39.17786254
16.79565357,40.24534493
14.43002245,42.18660838
11.84035498,39.56897089
13.79933599,37.32858741
13.27297803,41.06538739
11.41832177,38.57058705
12.41827879,40.32570263
12.56997122,38.97517925
16.50275479,39.17529399
15.54757911,38.24739626
15.22079631,37.69499748
14.70691932,38.47176356
17.31475413,38.65218044
12.88876153,36.05141966
13.42843278,40.50261059
13.0785541,36.77837478
13.15191314,38.23067319
15.56957955,39.19033313
15.26253219,36.10136937
13.57239354,37.85155687
14.14596476,38.81894106
16.15059851,36.58726936
12.56829489,38.30079287
13.69297677,37.89026506
14.59824267,38.40042377
13.94043364,38.43443996
11.49549842,38.74142378
15.99669078,39.30900282
13.30909602,40.14194106
14.08161559,37.54294896
17.17872734,38.91755789
14.60271364,38.45981973
14.43892358,41.7923419
15.20688864,36.33852857
13.51297789,38.51528674
16.25312224,36.7077612
12.33645454,35.77039818
17.19588628,39.14430015
11.49046257,40.31631996
14.20055103,39.44944913
14.19359008,36.81707342
15.61229165,40.89289566
13.39252888,37.07602629
15.13710563,38.39321042
16.62698607,39.33349751
12.81698172,37.48373177
13.8729291,37.30624102
14.64794758,40.64786816
14.72884308,39.16324069
14.611929,38.11718277
13.45713647,37.41456172
16.13618944,37.651708
15.69577414,37.39508229
18.38254791,38.43559018
13.50041249,40.95163229
13.59439497,40.30849609
13.01005278,39.86419654
12.58287337,40.81912258
12.84243046,40.58040461
10.88405109,39.91351211
13.52325943,40.62828525
11.99747013,39.79534542
12.22783197,39.69740697
9.956021621,41.66619599
11.60739424,41.59086439
12.65964919,40.9729222
13.87823773,41.15531462
13.68315031,38.53417707
10.44476248,40.21406591
13.22611061,42.27773218
11.04099462,41.2575164
12.78773359,42.24779221
11.55267837,40.46373186
9.893068964,39.8575979
11.36361365,41.00753105
13.35900752,40.08669444
10.4453912,39.18949921
13.85024655,39.69533392
12.1157628,40.81109193
13.00001516,40.67883915
11.91325673,37.71610822
10.60812022,39.06657665
13.39431041,42.43645323
11.12861506,40.21669826
10.98658506,42.13887167
13.05534324,39.62718524
11.62746401,37.94274867
12.26964157,42.18653184
11.12038067,40.98678166
12.11534099,41.72589752
14.10602336,39.6151468
13.63525689,42.96108895
13.08305205,38.93819214
12.08676058,39.78831253
12.62052825,38.3987675
9.910409845,39.89861956
10.99319685,39.40603037
13.11571265,39.99929494
11.71273323,40.96318292
12.26465612,41.53087509
12.82145102,42.29834772
12.01967953,40.70774019
12.26850538,40.00621698
11.37705826,39.27250052
13.59670179,41.68336168
11.33048621,40.09563632
13.59031533,39.98406659
19.3149752,39.99748576
17.18826372,43.18317883
17.28942288,38.81908102
13.66977199,44.13957683
11.04856951,42.72122268
18.31871868,43.01200015
16.02853416,44.93059516
18.40746547,39.36049944
16.20198493,46.34507964
16.49368477,45.07087332
16.37551359,40.25917245
11.92920904,44.87843571
18.08584202,40.93694801
13.12326804,42.18678497
19.41404207,40.66975905
18.48952732,41.03577182
16.21659677,44.54524881
14.01916331,46.70180701
12.22103683,42.32022572
12.56126635,46.48976574
18.91778734,44.33790484
15.58114932,43.96284484
12.85912963,44.61744073
16.08884484,40.65732612
14.97242365,46.24926925
19.86716959,44.55194581
18.59730698,42.07855068
16.86966141,46.36482256
12.19348537,45.72873749
17.16178845,45.82509069
17.07570672,44.21413383
13.04459255,47.04704807
17.73574246,46.57768526
17.36788411,43.5085741
11.8039967,45.67381607
12.68550641,43.307482
14.31346462,44.58714014
19.68500516,44.847554
18.92778953,45.74355137
14.76524336,42.25504507
15.24661795,44.73394286
12.63421728,41.06170513
16.09881639,43.8308619
17.31091882,43.20252787
13.7924877,40.6673425
14.75807886,43.6203367
19.43966138,44.43081038
11.83921617,45.8852267
18.39679273,43.03213306
15.57399666,40.89721501
58.1007546,48.37532613
58.42799295,47.72380711
58.97847018,47.00649532
58.63281911,49.45154216
58.31232223,48.93908071
59.03878708,48.64857068
60.41183643,48.48855559
59.63519709,47.68646366
58.54745688,48.379561
59.50321544,49.06355658
60.0603434,47.60330791
60.81573779,48.01060188
58.74622915,48.25814867
59.95656821,47.26641743
60.29253384,48.33042115
59.06000625,46.99867734
59.5939857,47.86705808
59.31687547,48.59946267
59.23160814,49.76932217
60.48281457,48.65804288
60.31451523,47.3815965
60.34088257,49.57811649
59.02397483,47.81323394
58.27270948,47.62624015
60.49498445,48.20353843
60.38326669,48.84488173
59.81837736,48.5823259
58.50877536,48.17710758
59.06801911,47.3471517
59.10688066,46.77196481
59.08170528,47.61445892
60.55760772,48.89001354
60.49159818,48.44646849
59.24210018,47.17501929
58.84616167,48.10046504
59.24460448,48.08473579
58.19430426,47.9413772
59.52697506,48.03951085
58.80493848,48.29235209
59.79765277,48.31165185
58.94268522,46.9506768
58.23388846,49.05651326
59.02317028,46.97092447
60.01850025,46.94134301
60.2209483,48.7103943
58.36511752,47.58808183
59.11150374,48.85969492
60.35960296,49.14525938
59.99008435,49.33458954
58.85907273,47.28532058
59.50448277,53.76507853
56.0340277,53.09057085
59.03398856,49.37925202
55.71535457,51.24334821
59.6373369,52.80047946
57.79337042,50.61554093
56.89913776,50.34663773
54.89642324,54.24644251
54.17450155,50.79348843
56.68288158,48.82306878
54.89404553,52.52600351
58.03882215,52.1647807
57.2008078,52.14588126
59.16782842,50.50638471
58.47428928,52.25596598
56.28281961,49.37393287
55.37590392,53.48709052
57.11779834,55.2915794
57.3375225,48.92339745
56.58785092,54.95137268
55.00437339,54.08199136
59.61980552,51.97624151
55.75710001,53.50959569
57.85810534,54.87664864
58.83416351,52.961112
54.44810382,50.81712891
54.9009907,51.77095796
57.15223517,55.26614671
55.75868848,50.99903154
55.19666667,53.98135736
58.05443732,50.91274971
55.72863562,50.34747746
56.93249962,51.78128311
58.37397703,49.51404268
57.72836889,53.37067083
54.25327217,53.38917058
56.45643676,48.92556204
54.21285471,53.17733056
58.22968358,54.8886665
55.3204904,49.65036745
59.64055829,52.59909544
55.14433302,49.66858377
55.62066073,49.52538567
57.72963358,49.81155976
55.72836631,51.79766162
59.43403929,50.76857931
55.87175341,52.69283008
56.76088244,52.16074239
57.23045451,50.52488097
58.15555081,54.12573576
55.39462214,54.79813004
54.06493191,56.00984065
52.76266684,52.64941233
54.98984755,54.88626658
55.15032218,53.24868354
53.71762224,54.56131327
54.19138571,52.03124906
56.98651257,54.70308154
52.55543012,53.31077672
53.31353628,52.13355402
56.38971004,52.99372604
52.975028,55.06558542
56.69587822,53.89740544
56.13714046,54.14507299
54.22293984,53.3811456
56.55168148,51.63410038
53.65254885,52.47536543
54.22855253,54.59169908
53.87436997,53.39806498
54.61835754,52.35550585
57.10404529,54.76009423
53.20475619,54.29533249
53.71458816,55.97708134
56.5625598,53.07385307
57.68791774,55.30599319
54.33172875,52.81460832
53.48634296,56.19830773
53.75823737,54.84833403
56.12561462,56.2373401
56.89482966,55.31368705
55.12536727,53.63455563
56.13639971,53.13863059
55.46501209,51.57174081
57.48265847,53.69695611
56.39621004,52.86573598
57.73595266,55.20618519
55.9572078,55.14124464
54.81179992,51.59267745
57.27260305,54.7432251
54.85247413,53.32781054
55.79507144,51.31002654
56.16822116,54.03176126
55.38767599,52.20288045
57.61138006,54.255815
56.41306893,55.82268383
53.72717029,53.39264364
55.89857729,54.68972122
55.6019039,56.76888609
56.97018767,53.55588221
53.37193323,52.77841627
52.53949259,55.53386756
55.4670996,55.9313983
53.87867072,56.07862145
53.77583611,55.82261906
54.32050022,54.5369477
50.75132588,54.95990415
51.65588378,54.77838363
53.40527005,53.49572185
54.81882134,57.18862335
50.54154171,54.54135525
51.36091887,55.35651232
51.55686926,59.06509009
52.32033142,59.36071015
50.07032467,55.92214678
53.64596904,54.32038346
53.2892447,53.87294288
51.3064617,57.13010633
52.53146939,54.15440753
52.46136196,57.67062953
51.58644682,57.75572029
52.52649129,57.16878111
53.84942791,54.43256085
50.0270475,56.02264357
55.38711701,57.26393782
55.4478471,55.49034724
49.79876682,56.29013463
55.55962179,57.77917829
51.01424633,55.21869379
54.05430116,56.65350315
54.50454406,55.39459905
51.96815804,53.73086398
53.64073921,57.80577699
53.08806066,53.36319858
52.43756136,59.26725372
49.8388381,56.06847391
55.22915017,56.62052172
54.47353407,56.59046362
54.4636239,55.14120942
49.88132044,56.71754689
54.87871855,57.9590497
51.73156925,56.71324982
51.79955643,57.18818199
50.77590532,56.07620439
50.12164475,55.54365377
51.86875298,56.11404769
54.55142806,58.18605858
50.86990062,56.24238535
52.50664672,53.72187194
50.13850786,54.72720347
53.42492271,56.29600506
49.45901317,55.7027695
50.83901071,61.10915176
51.5248412,55.11423588
52.93838738,60.46849993
49.51591502,58.67956559
52.17516014,56.75947772
48.6863558,55.36306593
53.50296099,56.46569042
48.15445482,58.52052271
48.18820871,58.65697857
48.16721139,57.31072945
47.71907108,60.11247835
49.74923276,55.36203624
48.53356165,60.08484943
48.74030952,60.11715115
53.96642289,57.64087533
52.58445998,59.83960188
48.31455747,57.21489379
48.21880704,57.86366173
52.45376126,59.28509573
53.57286527,59.91201218
51.63517965,56.02772649
50.9794156,56.71847863
47.77471041,57.31138882
50.52781687,61.26253028
53.21950548,58.37249203
49.01410435,56.52943974
50.36249551,58.91224127
53.78523625,57.54430039
48.90348089,60.91509646
53.02780996,57.07245025
50.4454801,60.13388298
47.75197534,56.45546251
51.17337423,59.75218883
48.4737182,60.81273042
52.72471977,60.33135247
52.99220987,57.05619583
52.76443365,59.30590043
48.54978966,59.7296336
51.17058684,60.00277501
49.87300528,59.9868188
52.53532623,59.3655237
50.04762228,59.73161789
48.72773862,59.78866835
49.87267462,57.00806008
47.64316749,59.40854672
53.61496594,59.40755095
53.19187716,56.65299215
53.08134033,57.82297884
52.57900213,58.85514917
48.15503447,61.51494184
46.1431354,61.79564796
48.44871833,56.39417129
46.58201682,60.53452665
48.74029232,58.03518795
49.64627794,57.20718088
44.24832283,59.02216596
46.88793083,56.69213838
45.82435308,60.6416173
45.89881462,60.72341378
47.76269742,58.01265017
47.30674383,55.60737939
48.88055075,58.79442944
47.40646395,60.42775078
46.97414287,59.04643483
48.74128263,61.4123404
49.55092128,57.02522136
46.87768079,56.60055003
45.70538182,61.33068424
45.24280789,57.6021343
46.26164521,58.36329383
47.61667794,60.48579245
47.89482958,56.81149708
48.03283933,56.10463531
45.68486653,57.02924929
48.04951672,58.79564684
48.05936035,61.27771831
45.95787493,59.3165794
44.49883795,57.88409559
45.44405132,57.00144095
45.47726038,60.80265162
47.76374619,61.35325725
46.00069378,59.11895089
49.11111215,58.32353278
46.49838864,59.41927997
47.11677367,60.26407694
47.30978432,55.81911149
48.85032611,57.23541627
49.67789256,56.96481802
48.48479594,59.54003669
47.39727462,57.74873698
50.38898096,58.17952705
47.08513363,56.96483181
45.94811022,59.59987115
47.13442751,61.23294909
49.87631416,58.84131363
45.27911007,58.08419721
48.05285397,61.8105885
44.67630032,57.18137193
46.85628272,55.52519264
47.93420953,55.43063191
48.25850118,58.23977852
44.23500657,57.93369476
45.25015424,54.53508277
44.78053655,55.45796893
46.91255359,53.86465613
45.01037146,54.04370079
46.89345888,59.10936322
47.45684007,57.14555414
44.11023299,55.52056385
45.96192992,57.3825259
44.07077949,57.21787516
47.05839927,57.15321152
47.08519703,54.07972467
45.26941872,57.16590905
43.63678277,55.32957905
44.24910218,55.40160754
43.96530403,58.2273995
48.9420852,56.48800665
44.89979117,58.08542841
47.9180163,54.79256461
48.60876345,57.82201016
44.03867007,57.70631515
46.87110896,57.03481779
48.41096707,57.64769355
46.27760135,55.89332556
46.89894199,58.8734736
46.19955055,55.23562399
47.02357414,58.93720085
46.80735159,58.7964777
44.450949,56.229524
47.52875947,58.06303734
44.3441663,55.99320139
44.99991035,58.5609592
44.86768928,54.61479662
46.12213604,59.03143938
47.2626359,58.76413653
43.64250067,57.77330103
46.86423933,54.73550671
45.86042837,55.53879472
47.17301143,58.53936372
45.25367293,58.16213802
45.36748851,54.09336754
45.07067901,55.5881454
43.92172148,55.21768075
46.33251082,58.86348377
47.68021835,57.86710558
48.26084412,55.38598145
45.76670732,55.77513321
46.45887929,57.40537937
45.49090216,52.01342536
44.72535423,51.9327296
44.70550131,54.82373571
41.95706523,53.70186142
46.20360437,51.37754708
44.81111808,54.00219118
46.46966212,53.197845
43.949801,52.88839195
41.97260794,52.04436671
45.32923626,50.72960347
42.05549389,53.37564184
42.21095637,54.21485023
46.11545775,52.56720426
45.08264805,52.30342255
45.05511105,54.22867611
41.59534171,52.27295501
44.15914089,53.02950213
43.62397458,51.63242331
44.64387701,50.75840306
44.30865287,51.78989646
43.45156331,52.916532
43.19246284,52.5755201
42.63402514,53.5942288
45.53361537,52.72300401
45.1385901,52.75222029
44.23780918,55.03721902
43.25417016,51.83293158
45.99547744,52.10520147
43.31182397,54.4706033
45.28935026,52.79730733
44.11710516,55.05627256
45.06566721,54.83321708
44.84562139,50.83042277
44.02937825,52.18722408
43.17645467,53.72633107
45.31722896,54.0756637
43.59622788,52.55005747
42.98310057,54.07482854
41.90444986,52.15822594
44.42156767,55.0641838
43.23740511,51.9831933
45.07089885,53.20321984
42.3735133,54.38078182
45.31810749,54.27844535
44.09747125,51.51758623
42.0522531,52.26511407
45.02899251,53.11249552
46.4468282,52.67736549
43.04906049,55.19100932
44.33888399,53.30573204
37.82189177,52.2645541
42.22331441,53.60248294
40.6646569,52.18936911
38.75327502,54.97296226
39.32449197,55.23523679
38.43927675,52.39000161
39.50783694,52.45506921
40.38854896,51.31186005
42.48205636,53.84475838
41.43486192,54.44100081
41.00579273,54.31986413
39.84028071,51.06974546
40.2746416,50.86139616
43.10683421,52.34906144
38.73083908,52.57281935
38.35488396,51.14725906
39.79755139,55.72330199
37.6713107,52.59499731
39.9600655,51.86123418
41.8096318,53.80516767
40.88183779,51.4782842
40.22657778,55.00680204
41.63395211,51.14226851
38.43804591,52.77508649
42.26136977,53.34757696
41.3679765,50.8985871
38.35864849,55.40487189
41.18605417,54.88111861
38.94813637,52.46759702
42.64906941,53.07301983
37.98551472,53.61630272
38.07494098,51.80505422
42.78428858,52.67565257
38.32221845,53.48014363
42.16230007,52.16754921
38.10795585,53.5064898
41.86232901,55.75166301
38.73736459,50.75099024
41.69848353,52.05324815
39.45893331,51.25332399
40.24880388,53.67084082
41.93150588,53.43399529
37.46349726,52.8524255
37.67673621,54.16836728
39.49893115,50.47316623
41.54993582,52.71429826
40.76408659,54.34943134
42.91448738,54.12509189
41.01957108,53.72018086
37.5079522,52.50554434
43.93932409,51.0932033
42.2175387,50.76668767
43.29667856,49.86127815
44.1616217,48.99999945
45.03094609,50.50390026
43.14157462,50.54183025
43.12503675,51.49876672
44.74927777,50.73104152
44.04456816,49.94909658
42.8498137,50.45610732
42.43750455,49.7450777
44.48973509,49.62823149
42.85174878,50.58851771
44.33769912,50.3053234
42.66174221,51.0745286
44.35132342,50.94879199
44.42287012,50.24723616
43.26335688,49.55636818
42.98961079,49.83919687
43.82339432,49.30361248
43.39976579,49.6017644
43.66607573,49.28444196
42.71482504,50.84191615
43.86259838,49.34667646
44.01855301,50.1348946
44.30993231,50.76332774
42.76123777,49.206448
43.45588328,49.33414127
42.81552964,49.47798517
43.40359039,51.50890889
43.06904306,50.78946862
43.22787002,49.27492286
42.9979482,48.68646141
43.20709778,48.76682536
44.04519432,50.55340357
43.52109012,49.67676465
43.64342553,50.64304349
44.55769002,49.87170991
43.30771396,48.71347921
44.78046753,51.30374613
43.75473013,49.59299075
44.63325327,49.18084524
42.69864077,49.32304066
44.86494153,50.52762506
43.04433449,51.14103846
44.04522647,50.69701542
44.54615834,49.18471114
43.68537185,49.20788215
43.10209294,49.5688111
43.42978718,50.14690672
40.51931693,52.50289315
42.1491917,53.16819608
41.34403954,50.7877895
40.72828556,50.61594758
40.74450247,53.46288819
42.65093755,51.83509265
37.66844793,51.47567725
37.73043773,53.16193812
41.29912612,50.62775549
41.75584364,52.65941629
40.22460335,49.0812139
41.27829159,50.55343725
41.00997149,54.43567002
40.15827475,49.17521476
38.49441103,51.09560988
41.83372367,53.89439957
38.43932811,51.19437641
39.19628418,51.52820101
38.47364746,49.85062066
43.10454776,51.11677385
39.00135408,51.32801618
38.7104429,52.32351398
40.61422368,54.1216821
41.76074512,48.98871708
40.57512015,48.72996755
42.85143664,51.40213958
41.43453322,53.01756755
41.28235614,53.16255007
40.70770806,49.11479261
40.42469214,54.65545887
42.65484117,51.30646182
38.4165773,53.25576141
43.0583004,50.49376579
41.37422816,50.53774886
38.76385487,51.68028487
40.20207415,52.05240601
37.95966938,51.49167899
42.1693035,53.15009827
41.8906096,49.5426841
40.99419021,49.05673675
42.41215824,51.58269139
39.15830953,49.22325831
37.11481635,51.27853798
37.76268059,53.61818173
39.72410527,53.60263888
42.48399878,53.2028295
40.84367652,49.21950213
39.82983327,52.03833049
41.31031696,51.22186317
37.85826965,53.14611178
37.60700465,54.28196719
37.37476302,55.16607241
36.48715119,53.39916372
36.69646568,51.9225286
38.44178667,55.34174126
37.48523105,51.65500611
38.8501459,55.56651281
37.52381481,51.61900965
37.95594119,54.27817681
37.31225576,55.43929477
38.40143319,53.45445296
36.27498338,54.63620527
39.19549368,52.77673393
36.44171346,52.11988591
38.37414851,52.12087269
37.71593348,54.78412687
37.3345178,51.6951248
39.00576768,55.23420073
39.46120831,54.37370814
35.55720997,53.23668829
38.15968532,55.46154982
37.4964985,52.82973651
35.8504492,53.63297174
37.93359845,52.5436485
36.15266434,54.242181
36.57070096,53.79553402
37.08301593,53.01218309
36.58753889,55.38354167
39.12338686,52.06565082
39.60037184,52.97637863
36.87714576,52.88611925
37.57028414,51.65426715
38.84656461,55.16973458
38.11713862,54.43099326
38.57506056,55.40936076
36.82563641,53.85163196
36.90035879,52.3152433
39.51900244,54.20317617
38.85043445,52.39007677
35.87706312,53.12936382
36.01658929,53.46836624
36.70904271,54.42249265
38.17638084,54.29902567
36.09223239,52.64662156
38.12677847,51.68376693
38.29543118,51.73629218
37.40144003,51.73639234
37.00695079,51.96253895
37.51456251,55.20266583
37.27791756,53.73608061
33.68067492,53.43280343
33.56710028,54.42166638
35.74953242,55.48468468
34.05706621,53.18807516
35.18389948,53.11963197
32.3871631,55.14932704
34.48004881,53.69795368
37.3033126,54.49359012
36.35956908,55.84287295
33.07059667,56.04337579
36.33704753,57.05661372
33.35606829,55.26512752
36.2069901,55.28308849
34.22276428,53.62926886
33.79812771,53.67377599
35.01264253,56.68397486
35.66999303,52.662761
33.07632268,54.33056632
37.06874821,54.21264956
34.60311147,56.28827894
34.95170205,58.02673873
37.82473266,55.27748453
35.95769702,56.88823271
36.25249743,57.68429727
33.35015908,57.10065095
32.08089227,55.66191324
32.26983573,55.21188257
36.07764376,53.88437053
35.05527067,54.68955214
37.3012533,56.87043124
36.83062115,53.63710961
36.63777188,56.82444357
36.20223656,54.71628073
32.69528037,54.15236047
35.72054804,55.3294015
34.93687521,52.79965076
32.38096784,56.68428378
34.89586709,56.51708871
35.91297901,53.40665991
35.19792655,55.24991715
32.97538438,56.63085424
33.40964027,54.91362226
32.02304208,54.77167265
33.12591469,55.6419466
32.02302809,55.33373441
33.79310756,55.91144277
34.57175691,53.76473272
33.17957642,54.67403482
33.97651687,53.06962619
35.69389856,57.03264801
33.86463463,58.24336501
32.34341058,59.85453865
32.83384703,57.33913526
32.66323455,56.93113298
32.4291565,56.81158469
32.21011145,59.42858317
31.76102832,61.4214911
34.19175629,59.13490416
33.43107756,57.22179542
30.14086693,58.75218938
34.32236946,58.92428887
34.12764129,58.40704765
32.4432477,57.67116773
30.60872119,61.01583044
34.37412065,58.61970479
31.10818519,57.34611883
33.43339119,58.98595562
31.73366424,58.01430781
32.86127729,59.26560011
32.98126917,58.27257309
32.16075634,59.09900431
30.94690716,56.87444173
30.81108077,58.59428458
30.63935234,60.30225621
33.19841558,59.58016995
29.9941764,58.3556943
31.25033701,60.50572135
31.05660803,59.48008144
31.61855298,58.19441496
31.7507973,58.69152113
30.07322699,58.30203666
33.88543204,59.92669734
32.97097511,59.13731425
32.59543204,57.80303899
33.33496222,57.38801513
34.41024479,59.14775966
31.39794222,61.12764777
33.9514426,58.77318458
31.7408167,56.77002669
33.54197518,60.03120548
29.85463326,59.729539
31.68059217,58.27695883
31.63012233,58.36199324
31.16424273,58.61899673
33.22890218,60.33861678
33.62006809,60.89463433
31.84993972,59.8755199
33.06505213,56.9706086
33.68575275,58.02240463
32.80867216,58.42106528
33.98362971,57.26861567
33.88098152,54.15048775
33.64809874,53.94056886
34.20998708,55.18935923
34.38005082,54.96418963
32.36101229,55.95843108
32.70924432,56.64739286
33.26244961,56.01571098
33.04410466,56.30707774
33.88371362,54.83208155
33.15393621,55.48036931
33.42283753,56.40473481
33.06171274,57.13284368
33.02247589,55.45372437
33.10993438,54.25760738
35.22773979,56.07649677
32.63083922,54.61395912
33.66266875,54.71796135
33.86161121,54.33311117
34.05866408,54.46011811
32.86612305,56.61685187
35.15883858,56.60744737
34.32667853,57.14839972
33.37967031,55.20223038
34.84742724,54.39228099
34.55137014,57.16058859
33.7996759,54.4870094
34.87033347,56.11230319
33.71914057,56.20120814
34.69493257,56.58105156
34.02284054,54.74365314
32.70297936,56.84698502
32.83699093,56.4600634
35.14613711,55.98331271
35.18473297,55.27364382
33.36010639,55.70338007
32.91391372,56.75210064
34.76856963,55.61640019
34.42911152,56.79314177
34.34944863,54.40520955
32.37322269,55.99605666
35.15300679,54.88292197
35.40398767,55.36488832
34.33578953,56.94392748
34.60123117,56.46341386
33.97441054,55.57012763
32.83316124,54.91843583
33.77235296,56.23362293
33.96987398,56.89157885
33.58158803,54.65401266
32.42694577,59.57383655
33.99870449,58.15725149
31.97420079,59.64299445
32.95239123,58.41401555
32.65914094,58.2052932
31.1422142,59.405598
32.43708146,56.74179705
31.50525952,56.22608909
30.96209578,58.28186092
32.92103143,58.92319543
32.24225416,57.92707232
33.0428595,58.88782386
32.8446433,56.15629679
33.65368314,57.22777
31.22032235,59.34250772
32.23159792,58.83272934
33.29879227,58.41130044
33.13449453,56.47921832
31.34670368,56.49740769
32.82178445,59.6689337
30.29634694,58.05220077
31.65927074,60.04331257
32.24451885,59.95017874
32.89279565,60.10169332
34.20528685,57.37343338
32.43738732,56.87370395
31.17043441,56.50798633
32.53313791,56.37950976
32.22960776,58.77608604
30.7337612,59.03809928
31.04245034,56.80801494
32.22797147,56.44824039
32.40428206,56.86016184
32.63288074,60.11865592
33.40611003,56.97927268
32.24515616,56.79770398
30.39648721,57.38018531
31.71225216,58.54238622
31.95049424,59.70715503
33.62526027,58.1960884
33.00853333,56.78911766
32.56800073,60.14938814
33.63720081,58.67474467
33.43171031,59.43663967
31.44190633,57.61749138
32.46196684,56.49012791
31.91626379,57.27547609
32.08244647,59.34698473
33.34769643,57.96124789
33.89431424,57.12058022
30.62994855,58.1806567
31.59676468,59.02638955
30.14854526,60.78043119
28.63946557,59.47982901
31.73034669,61.17634673
30.5966982,60.45651661
30.0899469,59.19783956
31.3993037,61.60009854
30.61376565,60.3210472
32.01038165,59.22366563
31.58896657,58.37222499
30.82326915,59.92388304
30.1130376,58.31830486
30.38561486,61.20439181
30.33007911,59.88471508
31.59033323,62.24178886
29.99222059,58.39126463
31.17665718,58.36851265
30.03767343,58.62969973
30.03571584,60.56003876
32.17020314,60.45418135
30.14977178,59.79058051
31.30044529,58.69570516
32.04188714,60.74868677
32.64658373,60.61164641
30.97158508,59.62446235
28.81826421,59.37991446
31.44802477,59.57839806
29.78250398,59.74817546
31.13119153,58.37242351
29.6873388,58.75709383
28.80276881,60.16565276
29.32760094,59.56237899
30.39628334,62.4415346
29.69624761,61.64718978
32.41398768,60.75940479
28.90791216,60.42970078
29.21463461,59.82489749
30.66651921,58.30923035
30.17870253,60.62472052
31.46399803,60.16775636
30.1557477,58.54325215
31.34546792,61.61573828
30.36790837,60.62232876
30.76636994,58.79589515
29.67218411,59.05211986
29.36825975,60.46341697
29.5183897,60.52247571
30.18866909,61.02072801
30.21924339,59.83389673
32.49863361,60.17078271
31.09310145,59.21861009
30.64853044,62.06203608
30.21992485,62.48729223
30.22132723,62.36720926
31.0324455,61.55984785
30.86288161,60.11617456
29.58126504,60.92567743
31.19414527,62.40383651
28.6770543,61.54714274
28.79279011,59.00086226
30.85703914,59.05308493
32.54285523,59.80930672
31.92917829,59.29713044
31.87565504,59.66061804
29.49855909,58.50510356
30.72926538,62.44350975
32.17739542,61.19942415
30.01515437,60.20228067
31.88553106,59.76531691
29.81551369,59.05288603
30.21222776,60.71281483
29.13589392,60.39422497
30.65098825,61.88063619
32.24274612,60.19253611
28.55420108,61.04539811
28.98496618,60.09072251
28.8943892,61.61587279
30.87911931,59.99858779
30.48668799,61.05477651
28.86999458,61.69173769
31.35387206,62.41395599
32.11209269,60.54898436
30.36695572,61.06629725
29.23710625,61.32208708
31.00776605,58.90220923
29.56350067,60.17010768
29.19900119,61.93609773
31.74545101,60.55168608
28.46850975,61.0663643
28.95653828,60.76004546
29.29741025,60.06877021
29.72559656,62.14398376
29.34801622,59.07343548
29.65064775,60.06859726
29.81561766,60.3635283
30.0532769,59.57743418
30.53583369,59.63653762
28.63708518,61.3354897
30.34878465,58.65132335
36.27380172,70.00377535
40.41007937,68.52575882
40.22250521,68.45026062
37.71982546,65.06069262
38.23820087,69.34803549
37.82086741,67.05527731
40.52046271,68.29676206
38.23796846,71.19824147
37.33274332,68.67819152
37.61158228,70.67340638
36.01265325,68.56964806
36.48626351,66.04690307
37.03799836,65.59025421
40.51271794,68.22159847
35.39580206,67.61431803
39.5894403,68.61243319
40.43257449,68.64394127
37.39036154,69.73096578
36.88251503,65.35620848
34.93118772,70.2593058
38.25304457,68.49411806
37.69738675,66.22457743
39.01332167,67.8188267
37.99417861,65.95033053
37.92959407,70.8622306
37.0888608,69.00329949
36.49103387,71.36196349
36.31743357,70.0184786
34.72337587,67.67624806
40.04197619,69.45433773
39.22588536,68.93267171
36.85562016,68.08005109
39.24506028,66.81016146
35.74269965,65.68294893
36.07574349,67.45108206
35.24742659,65.46989651
38.9671266,67.4044554
37.82660478,64.98983756
38.13766913,67.91455109
36.81821842,64.94662361
35.14718211,67.6299895
36.68397178,70.18734292
39.91138655,69.35105917
38.24437519,71.01166724
38.63658399,66.38148232
37.58613598,67.15964003
40.54008653,68.39379178
35.60361701,65.94756813
38.72539345,67.53455926
38.75629885,70.72052055
34.48196269,72.49822237
39.0177782,73.50390577
38.60029711,70.90351738
35.97365232,68.44620261
35.18944462,70.91776561
36.63906055,73.27229934
35.0043544,73.42217801
39.17421643,72.32564067
37.92055554,73.95161026
38.09410624,73.39915581
35.40363461,70.92326423
38.41654044,71.83833089
36.43611389,71.3289437
37.11951133,72.5805704
35.83408851,69.11964278
37.29947478,72.71814058
34.69772138,69.96249185
35.41066603,73.55881946
34.45162107,72.95932004
38.42932211,70.01151989
37.21694362,72.46418299
38.21926772,72.91258461
36.26535845,72.81818765
34.17978317,70.89324385
33.8931991,72.33822661
34.96753749,73.77858467
36.71082935,68.46177648
35.45289971,73.84748538
35.12560904,71.23698551
34.81348025,69.81084861
38.74124598,72.7581638
38.1611753,71.34393712
37.71166384,70.418835
36.10033577,69.66978907
35.05726195,68.98220206
39.50863232,70.28412319
37.5098008,69.62767913
34.8586292,70.59327192
33.72986156,70.4272236
37.37463833,68.42477189
38.43631922,73.75015655
33.82955704,70.47207871
39.21459308,72.3328415
37.63732466,69.90163011
35.87246252,68.03367004
34.60292358,68.95747154
35.00625561,70.16450897
36.52742611,73.86959068
39.30829279,70.13200958
39.00088822,72.72382267
38.08063787,73.31922032
37.92072289,73.65079505
35.7940799,71.18111647
39.15698195,73.50924839
36.65609622,72.38388048
38.12702891,74.36197855
37.44761618,76.13450301
38.42558064,74.0279915
36.07757871,76.73877999
33.0106178,73.14601979
37.41638602,70.98194915
38.31560295,72.19197721
37.08179746,76.80050229
35.41366013,72.16183721
35.15632011,71.67545478
38.29239146,73.20967633
35.01317278,72.75582099
34.42674366,74.4442138
35.79333005,71.70174582
39.51290414,75.12301817
36.44921169,74.33169373
36.88366098,77.89711983
34.50238764,73.31960652
37.82788907,77.19420971
34.92734881,71.84841838
35.28794243,72.52987012
35.2830783,75.23691488
37.53398748,76.86858867
33.93736198,77.32435753
36.68926058,77.04872005
33.77173027,71.80405453
38.54438067,75.88108668
34.47373951,71.34176272
33.30239495,72.64419028
35.70547806,74.45781656
37.22394263,77.55678118
37.31818788,74.07227627
35.36485772,71.23495109
39.21462219,73.76086141
35.08283392,73.7801995
35.64556626,74.92132594
36.56231188,75.62060303
38.95806179,76.73719665
39.14736623,75.24666365
38.78064164,71.93152678
37.52666845,72.2812223
33.55683763,72.41457636
34.90307821,76.73061929
36.25015504,72.86950635
36.77266344,75.33462886
37.3412821,77.68773388
34.04295275,77.21183816
36.39325116,77.72820703
37.72435531,76.74090108
36.15810524,76.45221852
38.27762262,74.87725622
36.14608199,76.44981382
34.99381868,77.53854186
37.37084204,74.18990569
33.51736011,75.90794831
36.15921021,73.13503626
33.14325889,76.46769675
34.81327656,77.29257661
37.6513094,75.12809012
34.23146955,78.21937548
35.11030053,77.6357936
35.07431271,78.83776328
32.0900303,75.40224916
32.837731,74.75236783
33.43186019,75.06941852
33.72351187,73.26400527
33.80662691,72.45104618
36.44221245,76.61362351
36.14246571,75.75398462
34.15631935,74.34956716
35.74680221,78.38232022
36.69581657,76.17680202
34.26003481,76.20082249
34.9086352,76.33774946
36.48623726,74.27198088
33.13687585,74.02352712
32.77512872,77.08499064
34.04384928,77.86178843
32.78279882,77.97972413
32.84713438,74.41015312
32.86207154,75.89605261
36.58357479,77.60480723
34.53673951,72.37248987
32.97636791,77.86431788
34.17498249,72.36672131
31.92108023,76.51549267
33.03946763,72.90455177
35.46365701,75.93984916
38.26447043,74.81134766
31.92066968,75.79845689
33.0250408,74.87163956
33.27288742,72.69321846
34.02828713,73.93170061
32.32755512,76.39129762
35.92272497,75.80132183
33.47608369,78.41981738
33.17440437,75.6742656
32.49442062,78.402198
35.8084841,77.51657547
33.93706447,75.84097918
35.29957864,77.71602045
32.51904544,78.05031838
36.08993948,76.59968733
35.66737968,78.13232709
35.56495247,78.15686513
36.61365641,78.40985222
34.99063631,79.71019268
32.57686619,79.08227185
35.68109895,77.35529849
34.47663359,79.49195913
35.51675064,77.55332767
32.54310105,79.13314372
35.80606302,77.76039384
35.79366558,75.65224631
34.01438087,77.59264052
36.00344706,77.46672917
34.30590457,78.02932024
35.10740613,78.02567021
34.83304239,76.46823224
35.83336405,77.01193544
36.574513,78.35123158
33.47018694,78.15094972
36.16415583,77.35289115
34.91489504,76.74561526
32.20292631,78.99600473
35.60819068,75.54306453
33.67965059,77.76839404
33.53485194,78.8965108
35.00464232,79.32867049
33.4277032,77.01571448
34.95279416,77.63999684
35.39410126,77.60315568
35.36483915,79.08267002
31.97407891,77.54260795
34.8421742,79.35140054
32.38916455,76.64987127
34.64389616,78.6521035
34.67825742,79.64783002
34.56818579,77.56391189
34.67064041,76.01491133
34.29969164,77.51577431
36.12709761,78.05246726
34.99754039,78.05909357
32.42454971,77.6292669
34.92415143,79.24309401
30.53963063,85.88655117
30.63167869,87.45328511
30.01674372,87.71715247
29.42332996,84.72772769
31.50054379,87.27442735
31.95170596,83.41472343
29.18508517,86.51444539
29.60182224,87.15228273
30.97541673,84.71463432
31.42619161,84.54895265
30.21395671,86.95369768
30.59172891,86.03085213
30.58524951,85.60673634
31.35192813,86.13803293
30.79122235,84.62063989
29.82099418,83.8029922
31.09946439,86.85183746
32.96260263,84.15444246
33.28957511,87.47515819
31.20800782,83.75441501
30.41876927,85.24614985
32.53514969,86.78571445
29.97595113,86.93822678
31.36636383,86.45572134
28.93790121,85.65830422
32.70146931,85.92660865
31.31074882,83.93931124
31.9075523,84.87181511
33.18862903,87.30066472
30.92860968,85.13993221
29.45377636,86.48118655
32.26782401,85.41195611
33.51318364,85.66533075
32.40005722,85.78911104
31.10738662,88.1869136
32.0643742,88.25986358
30.46269434,85.58947811
31.14959438,84.27259979
29.45052477,84.33737525
30.0667054,87.69689391
31.487285,86.80914756
30.18797809,84.84594831
29.70280671,85.01922882
31.00136002,84.4627274
31.66197038,85.76885845
30.94103021,85.82167616
32.63249711,86.09087223
33.89404278,85.82407046
30.6740017,86.55854124
31.96084528,83.63605242
35.6660569,81.67494493
35.43483275,79.3831551
32.4229916,80.68200488
30.85842494,82.93098896
34.34191494,80.85351919
36.12636684,78.96351791
34.54114859,78.6724246
35.73579126,81.36186292
32.5511471,77.59023296
33.41599586,78.18549152
35.24116708,82.10430787
31.67079642,83.8311116
33.48935335,78.15702562
34.4391126,81.80863792
34.25527077,80.67886644
32.44596765,81.20771931
35.50868142,83.75526472
34.56090265,82.76736547
35.72257017,80.30377867
34.77535433,77.61019171
29.96005483,80.33225129
31.36352683,79.39481062
31.40407565,82.10575423
34.86240045,77.69205834
32.87511199,82.86816121
35.41956192,83.60611781
34.97701933,80.0785209
33.37238729,82.71638795
30.19283577,79.3411709
32.41264462,83.44572894
35.3356344,77.77769421
35.0833189,84.03168448
31.32964972,77.73627829
31.36647746,79.70474041
31.02638585,78.44820264
32.2932318,77.6363324
30.91334577,78.24660122
33.92430405,80.41964955
35.04748131,83.46460977
34.51436762,79.70102325
33.36662075,83.10235463
33.01132124,78.3389268
33.94025145,83.70448493
34.26110756,78.54872649
34.3354537,81.55494198
33.70229776,81.54895709
36.7024201,79.38183438
30.50235389,79.75142665
32.72112355,83.6363351
32.63233268,80.01742136
34.0144928,82.16535925
32.32671414,81.30020217
32.44307754,81.92845445
32.54135919,83.13211931
33.54537291,82.62273099
33.71922561,82.35669235
32.07020164,80.05942875
31.96630077,81.2693884
32.08670133,83.34564813
32.79346551,80.52278903
31.96049468,80.56398691
32.64551591,80.46605215
30.84324785,81.91644818
31.69721122,81.32545758
33.54374414,81.65836395
32.14026934,81.04335374
33.8314183,82.56530106
31.98604576,82.82628818
31.5964004,82.38451029
32.68042523,80.71518531
32.73829444,83.05844325
31.42584269,81.85431428
32.93766821,82.61753367
33.35019904,81.58267442
31.61864431,83.06252978
31.17779511,81.13011074
32.08618831,80.52576364
31.85249831,82.65837116
33.82494612,82.08471518
32.85742774,80.89450511
32.92434997,80.64906843
31.87169931,80.85958124
31.99623724,83.06195742
31.09037145,81.81326176
31.9670097,80.32125365
31.43118395,82.93887226
33.47294637,82.65016357
31.02259254,81.10100107
33.20884486,82.04362105
32.23145644,80.03118594
32.6283217,81.098511
33.34638178,81.39507395
32.88070676,81.41938179
32.21268466,82.03260976
32.91745308,81.3255189
33.02811897,83.19198835
33.24281493,80.17532447
31.63239977,82.5641296
32.32387132,83.30993627
33.04175852,83.01650966
30.7808639,82.06897622
30.21251897,82.79069549
30.21916751,82.22830642
30.32817976,82.66327609
29.93977899,83.5844196
30.38556585,83.54332072
30.0734498,83.61322331
29.91645505,82.34780396
31.17513056,82.36044037
30.74952241,81.70087621
31.90026542,83.03013771
31.24560207,83.13944582
29.82859778,82.78227416
30.65052424,81.75939384
31.50044492,82.17695221
30.70255735,82.88812087
31.35987913,83.223342
31.68100808,82.96103872
30.01025244,83.03110764
30.83911846,82.61584892
31.73414555,82.28134606
30.99822164,82.10965586
31.47391871,82.34444566
30.53272451,82.90015881
30.8611074,82.77316977
30.03834555,82.80031334
30.2189466,82.99668649
30.98946213,83.36669659
29.90108041,82.82216849
30.80974576,82.21917026
31.6560112,82.81925445
29.88374476,82.21675979
30.96227545,83.50915992
31.45754401,83.50147913
29.63372838,82.75982469
31.70320845,82.2749456
30.99827994,83.87954264
30.63304936,83.57119151
31.94394908,82.92605845
29.99002637,83.4867907
31.39923904,83.3664997
31.3392066,82.07447807
30.02837653,83.32221582
30.46656074,83.41899439
31.51234783,83.60816129
29.92727581,82.52617421
31.37456778,83.74404908
30.90404179,81.78541361
30.91005147,82.49962057
29.83066447,83.11050279
29.86897099,83.9335315
28.44762318,83.59565202
27.05100202,86.21920606
26.80513903,86.94903975
27.56966273,84.49253407
28.50966101,83.65732015
26.17227141,84.46573806
27.75042735,83.43516854
30.35997635,85.49002445
25.96002588,83.70916024
25.65353498,83.75238159
28.15011797,83.62307177
26.62534885,86.18462702
26.69328812,83.88658696
28.5753872,82.19569226
29.87203985,84.60095446
25.79698985,84.70563222
30.41804148,83.39296694
29.80466562,82.77666531
27.37374477,82.94850096
27.20288556,85.97763605
25.21242261,84.08081347
27.30633634,84.56660674
28.77386225,85.44966395
29.37489255,86.7095929
26.86162322,83.70844356
28.48791978,87.03257653
27.64797589,84.71680905
26.65140565,85.30984548
27.64799963,87.1999026
26.56781263,85.68152559
29.98565197,86.42251472
28.95039477,83.98213381
28.2822553,86.73342346
29.79810782,85.39086919
29.88958858,85.29807205
28.38584508,83.02020436
30.5350518,83.75438196
27.13458725,82.7887253
26.84583778,85.04868214
27.94618823,84.78489247
26.89735241,83.590693
26.58488043,85.40116071
28.48063058,83.3066758
26.0504577,82.85081779
26.64919302,82.46616786
26.98925982,85.32518443
26.90025513,82.93856755
27.5635292,85.5764543
27.10353359,86.2555254
26.69071056,86.36118663
26.58973403,83.73425161
25.48963957,81.96851557
25.40159269,82.3500621
25.95669336,80.94664763
27.73980624,85.58950583
26.1748919,82.2734015
28.26203111,83.40674058
25.05482486,81.09504398
25.16635638,84.46737595
23.3068846,82.02772449
23.82496461,83.05529846
25.08820888,85.73245074
22.57505052,83.54328902
23.67850674,81.33595008
27.15847471,84.18632948
22.81828741,85.56598434
27.42826615,84.15060516
27.24186944,82.46366254
27.27682281,82.06548688
27.04599152,83.23484173
28.13381276,84.72239398
24.79670076,86.6676377
25.14836115,85.51810765
26.19824066,85.81809037
25.23258525,86.4546245
25.18240204,82.01162446
27.11916344,84.13024805
26.03136507,81.47212182
25.31337013,86.8022686
26.92291202,81.70091996
26.86628845,85.24896852
23.15557727,85.25761601
25.75267913,86.40890268
23.06688066,82.41006509
26.62899486,83.92201591
24.38603727,84.94051633
28.39961733,83.96004117
25.96021667,86.37461983
25.31156784,83.62700376
24.1729434,82.38397956
23.90420611,86.16549793
27.11770199,82.18802392
25.06395736,82.34579331
23.73370846,84.24753793
22.80573602,83.57061615
27.1366157,83.1262022
26.217993,82.16416194
25.26758395,81.97794401
26.18545519,83.69589054
23.10715795,84.27464819
22.92389612,84.25500039
22.45679151,83.40771608
22.62996288,82.02826084
22.26790477,81.91685182
23.27075448,82.90111141
24.8598142,82.44372579
22.20661201,81.71998265
23.80324358,83.36467362
24.51724835,80.88072137
24.60643049,81.85444444
25.71003093,81.93574262
22.39493743,80.83476657
24.15644046,82.0678068
23.56140288,84.45297965
21.63900516,81.4691445
22.45983207,83.6679473
24.07801593,84.55161044
24.17154274,80.33672769
25.34898106,82.63792871
21.00492711,81.91738453
25.15719524,81.66462548
25.77618472,81.94389276
24.97683525,82.25217125
22.27645984,84.41665228
23.98020074,82.77246802
23.07477338,84.39966226
23.72872561,81.64098372
21.83192665,81.61635241
24.10625305,83.4832624
24.01771752,81.8629668
22.90043817,81.59515483
23.81414012,82.59187276
24.20903159,80.60255551
21.24514694,81.80601811
24.34771953,83.25537796
23.71251878,83.67241212
21.58533916,83.68714114
23.89408087,81.85302661
21.56209978,81.97502484
23.2489111,80.9356442
23.57624848,80.86729426
21.16736488,82.04825263
25.78117758,82.5934819
23.881481,81.53632229
25.88851604,82.56967286
25.68893164,81.53450867
22.6550876,80.38929272
23.43900337,84.51496916
22.68453733,83.77336657
21.93634234,82.87464482
23.58650231,80.6273427
19.53046503,81.96442277
22.70154245,79.65275949
23.05302724,82.84227073
23.86432866,80.10559927
23.45252652,80.49958748
19.91512263,81.02262736
21.70772641,80.98268783
19.43126519,79.43300721
18.78724235,81.58842614
19.43172552,80.63404597
20.85869391,81.9706286
22.20923359,78.82811513
23.87403103,80.93344118
20.15334761,82.80875861
20.30301609,80.37893223
23.59615965,81.91072478
22.57480164,82.91016669
22.15085239,82.60834653
23.16986623,80.79740512
19.81763485,79.77068994
21.77703956,82.31635211
23.4220404,80.30141539
20.32632007,80.3539512
20.93900433,81.14296521
21.4997209,80.22630433
23.47598343,80.36654707
20.26410269,80.82824367
22.65834165,80.44511042
18.76461639,82.21040422
23.92096487,81.49023508
19.47900468,80.5531453
20.51942062,83.26290943
23.04748907,81.8025586
21.41149904,83.28557544
21.22130897,78.94871724
21.43826953,78.06261235
22.34974011,78.88948519
19.04926476,81.27654016
23.07831244,81.29844724
19.91858376,81.97176984
20.22213146,83.23860749
23.49288926,81.66425992
22.04020121,83.42571755
23.75296761,80.27389286
18.77330662,79.83641942
19.21788045,81.2128432
19.41559766,82.19530696
18.33335486,80.56637342
19.47657534,75.47340879
19.90640578,80.25709083
20.16585931,80.01946569
20.91713042,81.36182917
18.39987014,76.0275503
21.16471011,79.5349646
20.45410372,78.4969452
16.74487796,78.40452548
19.18914634,81.41640876
20.42396407,78.59293471
19.15459645,75.94480746
19.32939426,77.76230124
19.01778406,79.21800797
20.36054624,79.47423689
17.98877584,79.20902135
19.91574931,80.99846186
18.88157483,78.22420721
18.02917059,78.94680669
18.71194408,81.14354762
18.92727933,78.91557974
16.94012794,78.0553963
17.79682554,76.93678962
22.31727641,77.84087665
18.65393351,80.20104429
19.85423986,78.85640529
19.07851997,76.06512109
18.89709318,76.18691406
18.76420923,76.65593683
19.22931499,77.95019889
19.66132846,76.02315963
21.07525903,80.50169524
19.96228989,78.06704995
18.33435164,77.27284858
19.0431934,80.44644928
20.15678034,78.86355124
19.92449143,76.08888244
20.66011708,79.60802396
19.24019708,78.83485541
22.1059584,78.77907622
20.45048536,77.71713907
20.52239211,77.65468013
20.19977127,76.43906823
19.88532423,79.55712512
18.01431379,79.14096034
19.01669209,77.48910573
19.83503323,80.410012
21.83105589,78.57501756
19.03016694,77.61062068
17.44701016,78.40674382
18.02495631,77.31983919
18.27461546,78.31381233
17.71350091,72.67081009
16.39731593,76.03673025
20.87232688,73.45702516
18.18440053,74.86184243
19.09045976,74.59055661
19.58966788,76.86943172
20.13205649,76.82061068
17.69672887,76.15480472
19.90091288,73.59598736
16.31252823,74.40370408
20.63823617,76.15706948
19.47778216,78.14499773
17.80068045,77.25808589
18.79323076,77.78737626
17.18113584,73.96689686
18.41594704,73.60362815
20.48172736,75.30269487
17.1606909,73.22557581
19.10012571,73.44344989
16.85976429,73.41809367
19.7184812,76.91316029
16.2271518,76.75090841
19.03629508,72.62647907
16.55367725,77.29556126
17.7546532,76.26624151
18.67843051,75.6540867
16.66185481,73.7273886
17.5724811,74.94595453
18.15057269,72.96456406
17.16199245,74.5273515
20.1502316,76.65825092
19.25156934,74.44414058
19.68871554,77.31653874
16.45570263,73.88022628
16.30294404,75.2881156
16.35546431,74.20816174
18.43405148,78.00978049
17.89668682,74.87096261
16.64800107,73.90602616
20.18818895,73.69796131
21.5911464,75.37835431
18.75099325,72.93442239
18.18215274,77.96085031
17.16037153,77.41247577
20.97750247,76.00166861
19.58571872,75.3598603
19.49537434,74.99183111
18.80900638,74.61174622
18.16765352,74.42539865
18.8572246,73.57630999
20.61503978,71.94955024
20.14369972,73.60426915
19.75694773,72.42094551
19.03508417,73.45903269
18.31579464,70.65926445
16.80109695,71.88501258
19.32338031,72.10249212
16.64044718,73.20327427
17.85734693,71.47215995
17.3313071,70.66433969
20.4972649,73.55185845
17.66321987,71.02118752
16.54392523,71.5136543
17.64426157,70.59800176
17.41500811,73.55592226
16.3894741,72.37462963
17.79701037,74.24439115
18.9026105,74.94659604
16.47209068,71.56881242
20.055931,73.70336833
16.48929465,72.16257164
17.62454882,71.15429534
19.14332089,74.02554352
17.21818549,71.96225487
17.92046542,70.42157929
16.59384122,71.41688745
18.46368496,70.86803347
19.08468082,74.71898298
19.80007377,72.51147368
16.23295994,71.70384922
20.49384382,71.93488178
16.57294091,72.24005
16.04158101,73.4902334
19.37400103,72.22447758
17.18891495,73.15119367
18.09170562,70.74775579
17.92954475,73.26643492
18.18322022,73.19282025
20.15328685,73.9522989
19.72639751,73.63435846
17.85634799,75.20099398
18.65753261,73.29722007
16.84855051,72.00443364
17.0478668,71.84969865
17.79393321,71.30911972
17.19156124,71.41260518
18.7524248,74.71093211
18.58717477,74.67140724
17.76233639,71.44009529
15.57435997,70.65925108
15.80122207,70.3793044
17.8636114,71.81771426
16.60914683,71.86842607
16.80843838,71.45442795
17.19524218,70.91514338
16.92162408,69.44971873
18.03798867,70.40161555
16.80471506,72.68367298
17.98981079,69.95546053
18.15884237,69.9059739
15.80474841,72.19028108
17.02373882,69.94664548
16.59154859,71.65478744
16.19688588,72.15724819
16.9342962,70.50200167
18.56976396,72.14271436
17.24250241,70.31922764
18.25776151,70.0111687
18.40760742,70.82437641
17.48747545,72.43983672
15.85614833,70.67847269
18.00191378,69.61586717
15.72643463,71.89757162
16.24159169,69.8960611
18.31449972,72.06339869
17.57569909,70.90296258
16.66372341,71.09718875
18.39599933,72.43533698
18.68435009,72.08565787
15.83070369,71.10148818
17.56794292,72.72018753
16.97342887,71.61259753
16.9030809,72.12794668
17.82706273,72.81843419
16.70450271,71.21116178
16.32425012,71.15414257
19.09212765,71.0873136
17.81478792,72.28580382
15.85051866,71.89545573
18.65697795,70.24100197
18.51802226,70.37827466
18.97760967,71.03506424
18.11291754,69.80779349
18.91078914,70.76086154
17.92579948,72.60208175
16.42126033,72.48031566
17.07802684,69.39046335
16.49520031,72.33329165
17.93685441,72.3545543
